,0
41,41
41,41
41,41
43,43
43,43
43,43
43,43
146,146
146,146
146,146
146,146
146,146
146,146
146,146
146,146
146,146
149,149
149,149
149,149
149,149
149,149
149,149
149,149
149,149
149,149
149,149
149,149
190,190
190,190
190,190
221,221
221,221
221,221
221,221
221,221
221,221
221,221
221,221
221,221
221,221
36545,224
36545,224
7522,224
264,264
264,264
264,264
264,264
264,264
264,264
279,279
279,279
279,279
279,279
279,279
279,279
279,279
279,279
299,299
299,299
299,299
299,299
299,299
299,299
299,299
321,321
321,321
321,321
35566,568
568,568
568,568
568,568
568,568
568,568
568,568
568,568
568,568
568,568
570,570
570,570
623,623
623,623
623,623
623,623
623,623
623,623
623,623
650,650
650,650
650,650
650,650
650,650
662,662
662,662
662,662
662,662
686,686
686,686
686,686
686,686
686,686
686,686
686,686
686,686
686,686
718,718
718,718
718,718
718,718
818,818
818,818
818,818
818,818
3108,824
5589,824
824,824
851,851
851,851
851,851
851,851
851,851
851,851
851,851
852,852
852,852
852,852
13220,852
852,852
852,852
878,878
878,878
878,878
878,878
878,878
7218,900
900,900
900,900
900,900
963,963
963,963
963,963
963,963
963,963
963,963
1075,1075
1075,1075
1075,1075
1075,1075
1075,1075
1075,1075
1076,1076
1076,1076
1076,1076
1076,1076
1076,1076
1076,1076
1076,1076
1076,1076
1076,1076
1076,1076
1076,1076
1094,1094
1094,1094
1094,1094
1094,1094
1094,1094
1094,1094
1095,1095
1095,1095
1095,1095
1095,1095
1095,1095
1095,1095
1095,1095
1141,1141
1141,1141
1141,1141
1141,1141
1141,1141
1141,1141
1141,1141
1141,1141
1170,1170
8794,1170
1170,1170
1170,1170
1170,1170
1240,1240
1240,1240
1240,1240
1240,1240
1240,1240
1240,1240
1302,1302
1302,1302
1302,1302
1302,1302
1302,1302
1302,1302
1302,1302
1302,1302
1302,1302
1302,1302
1446,1446
1446,1446
1446,1446
1446,1446
1446,1446
1446,1446
1446,1446
1446,1446
1446,1446
1497,1497
1497,1497
1497,1497
1497,1497
1497,1497
1497,1497
1497,1497
1497,1497
1497,1497
1513,1513
1513,1513
1559,1559
1559,1559
1559,1559
1559,1559
1559,1559
1559,1559
1769,1769
1769,1769
1769,1769
1769,1769
1769,1769
1769,1769
1769,1769
1769,1769
1769,1769
1769,1769
1769,1769
1769,1769
3402,1770
3402,1770
1770,1770
1770,1770
1770,1770
1770,1770
1770,1770
1770,1770
1770,1770
1770,1770
1770,1770
1770,1770
1770,1770
1770,1770
1770,1770
1770,1770
1770,1770
1770,1770
1771,1771
1771,1771
1771,1771
1771,1771
1771,1771
1771,1771
1771,1771
1771,1771
1875,1875
1875,1875
1875,1875
1875,1875
1875,1875
1875,1875
1892,1892
1892,1892
1892,1892
1907,1907
1907,1907
1907,1907
1912,1912
1912,1912
1912,1912
1912,1912
1912,1912
1912,1912
1912,1912
1939,1939
3402,1939
1939,1939
1952,1952
1952,1952
1952,1952
1968,1968
1968,1968
1968,1968
1968,1968
1968,1968
1968,1968
14196,2005
14196,2005
2005,2005
2005,2005
2005,2005
2005,2005
2005,2005
2005,2005
2005,2005
2029,2029
2029,2029
2029,2029
2029,2029
2059,2059
2059,2059
2059,2059
2059,2059
2134,2134
2134,2134
2134,2134
2134,2134
2134,2134
2134,2134
2134,2134
2134,2134
2134,2134
2134,2134
2134,2134
2138,2138
2138,2138
2138,2138
2138,2138
2138,2138
2138,2138
2138,2138
2138,2138
2138,2138
2138,2138
2138,2138
2138,2138
2138,2138
2138,2138
2138,2138
2138,2138
2147,2147
2147,2147
2147,2147
2147,2147
2152,2152
2152,2152
2152,2152
2152,2152
2189,2189
2189,2189
2191,2191
2191,2191
2191,2191
2208,2208
2208,2208
2208,2208
2208,2208
2208,2208
2276,2276
2276,2276
2276,2276
2365,2365
2365,2365
2365,2365
2365,2365
2365,2365
2365,2365
2365,2365
2399,2399
2399,2399
2399,2399
2807,2807
2807,2807
2807,2807
2807,2807
2808,2808
2808,2808
2808,2808
2808,2808
2808,2808
2808,2808
2808,2808
2808,2808
2808,2808
2808,2808
2824,2824
2824,2824
2824,2824
2824,2824
2824,2824
2829,2829
2829,2829
2829,2829
2829,2829
2829,2829
2829,2829
2829,2829
2829,2829
2845,2845
2845,2845
2845,2845
2845,2845
2845,2845
2845,2845
2845,2845
2845,2845
2845,2845
2845,2845
2845,2845
2845,2845
2845,2845
2845,2845
2847,2847
2847,2847
2847,2847
2847,2847
2847,2847
2847,2847
2847,2847
2857,2857
2857,2857
2857,2857
2865,2865
2865,2865
2865,2865
8724,2865
2865,2865
2865,2865
8724,2865
8724,2865
2865,2865
2868,2868
2868,2868
2868,2868
2868,2868
2868,2868
2868,2868
2868,2868
2868,2868
2874,2874
2874,2874
2874,2874
2874,2874
2874,2874
2874,2874
2874,2874
2874,2874
2903,2903
2903,2903
2903,2903
2903,2903
2903,2903
2932,2932
2932,2932
2932,2932
2932,2932
2932,2932
2932,2932
2932,2932
2932,2932
6793,2932
2932,2932
2932,2932
6269,2933
2933,2933
2933,2933
2933,2933
2933,2933
2933,2933
2933,2933
2933,2933
2933,2933
2933,2933
2933,2933
2933,2933
2933,2933
2941,2941
2941,2941
2941,2941
2941,2941
2941,2941
2941,2941
2941,2941
2959,2959
2959,2959
2959,2959
2959,2959
2959,2959
2959,2959
2959,2959
2959,2959
2959,2959
2959,2959
2959,2959
2959,2959
2959,2959
2959,2959
2959,2959
2959,2959
2967,2967
2967,2967
2967,2967
2971,2971
2971,2971
2971,2971
2971,2971
2971,2971
2971,2971
2971,2971
2971,2971
2971,2971
2971,2971
2978,2978
2978,2978
2978,2978
2994,2994
2994,2994
2994,2994
2994,2994
2994,2994
3043,3043
3043,3043
3043,3043
3043,3043
3043,3043
3044,3044
3044,3044
3044,3044
3061,3061
3061,3061
3061,3061
3061,3061
3108,3108
3108,3108
3108,3108
3108,3108
3108,3108
3108,3108
3108,3108
3108,3108
3108,3108
3108,3108
3108,3108
3108,3108
3108,3108
3147,3147
3147,3147
3147,3147
3362,3362
3362,3362
3362,3362
3362,3362
3362,3362
3362,3362
3362,3362
3362,3362
3362,3362
3368,3368
3368,3368
3368,3368
3368,3368
3401,3401
3401,3401
3401,3401
3401,3401
3402,3402
3402,3402
3402,3402
6381,3402
3402,3402
3402,3402
3402,3402
3410,3410
3410,3410
3458,3458
3458,3458
3458,3458
3458,3458
3711,3711
3711,3711
3711,3711
3730,3730
3730,3730
3730,3730
3730,3730
3730,3730
3810,3810
3810,3810
3841,3841
3841,3841
3841,3841
3841,3841
3841,3841
3841,3841
3841,3841
4016,4016
4016,4016
4016,4016
4041,4041
4041,4041
4041,4041
4041,4041
4041,4041
4041,4041
4544,4544
4544,4544
4544,4544
4544,4544
4544,4544
4570,4570
4570,4570
4570,4570
4570,4570
4613,4613
4613,4613
4613,4613
4613,4613
4613,4613
4613,4613
4613,4613
4613,4613
4613,4613
4613,4613
4613,4613
4613,4613
4613,4613
5210,5210
5210,5210
5210,5210
5210,5210
5210,5210
5210,5210
5375,5375
5375,5375
5589,5589
5589,5589
5626,5626
5626,5626
5626,5626
5700,5700
5700,5700
5700,5700
5700,5700
5700,5700
6169,6169
6169,6169
6169,6169
6169,6169
6169,6169
6185,6185
6185,6185
6185,6185
6185,6185
6185,6185
6185,6185
6185,6185
6185,6185
6185,6185
6185,6185
6185,6185
6185,6185
6185,6185
6185,6185
6185,6185
6185,6185
6185,6185
6199,6199
6199,6199
6199,6199
6199,6199
6199,6199
6199,6199
16821,6199
6205,6205
6205,6205
6205,6205
6208,6208
6208,6208
6208,6208
6208,6208
36545,6208
6208,6208
6247,6247
6247,6247
6247,6247
6269,6269
6269,6269
6269,6269
6269,6269
6269,6269
6269,6269
6269,6269
6269,6269
6290,6290
6290,6290
6290,6290
6290,6290
6290,6290
6290,6290
6290,6290
6381,6381
6381,6381
6381,6381
6381,6381
6612,6612
6612,6612
6612,6612
6612,6612
6612,6612
6612,6612
6612,6612
6612,6612
6612,6612
6612,6612
6612,6612
6687,6687
6687,6687
6687,6687
6687,6687
6687,6687
6687,6687
6687,6687
6687,6687
6687,6687
6687,6687
6793,6793
2932,6793
6793,6793
6793,6793
6793,6793
11996,6833
6833,6833
6833,6833
6833,6833
6833,6833
6833,6833
6833,6833
6833,6833
6847,6847
6847,6847
6847,6847
6847,6847
6895,6895
6895,6895
6895,6895
6895,6895
6895,6895
6895,6895
6895,6895
6895,6895
6895,6895
6895,6895
6903,6903
6903,6903
6903,6903
6903,6903
6903,6903
6903,6903
6903,6903
6906,6906
6906,6906
6906,6906
6906,6906
6906,6906
6906,6906
6906,6906
6906,6906
6906,6906
6906,6906
6906,6906
6906,6906
6906,6906
6906,6906
6906,6906
6906,6906
6907,6907
6907,6907
6907,6907
6907,6907
6907,6907
6907,6907
6907,6907
6907,6907
6907,6907
6907,6907
6907,6907
6907,6907
6907,6907
6925,6925
6925,6925
6925,6925
6925,6925
6925,6925
6933,6933
6933,6933
6933,6933
6933,6933
6933,6933
6955,6955
6955,6955
6955,6955
6955,6955
6955,6955
7108,7108
7108,7108
7108,7108
7108,7108
7108,7108
7108,7108
7115,7115
7115,7115
7115,7115
7115,7115
7115,7115
7115,7115
7115,7115
7115,7115
7115,7115
7125,7125
7125,7125
7125,7125
7125,7125
7125,7125
7125,7125
7217,7217
7217,7217
7218,7218
7218,7218
7218,7218
7226,7226
7363,7226
7226,7226
7363,7363
7363,7363
7363,7363
7226,7363
7419,7419
7419,7419
7419,7419
7419,7419
7419,7419
7419,7419
7419,7419
7421,7421
7421,7421
7421,7421
7421,7421
7421,7421
7424,7424
7424,7424
10271,7424
7427,7427
7427,7427
7427,7427
7427,7427
7450,7450
7450,7450
7464,7464
7464,7464
7464,7464
7467,7467
7467,7467
7467,7467
7522,7522
7522,7522
7522,7522
7522,7522
7522,7522
7522,7522
7522,7522
7522,7522
7522,7522
7522,7522
7522,7522
7522,7522
7522,7522
7522,7522
7522,7522
7522,7522
7523,7523
7523,7523
7523,7523
7523,7523
7523,7523
7523,7523
7523,7523
7523,7523
7523,7523
7523,7523
7523,7523
7528,7528
7528,7528
7528,7528
7529,7529
7529,7529
7529,7529
7529,7529
7530,7530
7530,7530
7530,7530
7530,7530
7530,7530
7530,7530
7530,7530
7530,7530
7553,7553
7553,7553
7553,7553
7553,7553
7553,7553
7553,7553
7553,7553
7553,7553
7553,7553
7553,7553
7553,7553
7557,7557
7557,7557
7557,7557
7557,7557
7424,7557
7557,7557
7557,7557
7557,7557
7557,7557
7557,7557
7557,7557
7579,7579
7579,7579
7579,7579
7579,7579
7579,7579
7579,7579
7579,7579
7579,7579
7579,7579
7579,7579
7579,7579
7579,7579
7579,7579
7579,7579
33575,7604
7604,7604
7604,7604
7604,7604
7604,7604
7604,7604
7604,7604
7604,7604
7604,7604
7604,7604
7604,7604
7604,7604
7604,7604
7613,7613
7613,7613
7613,7613
7613,7613
7613,7613
7613,7613
7613,7613
7618,7618
7618,7618
7618,7618
7618,7618
7619,7619
7619,7619
7619,7619
7619,7619
7619,7619
7619,7619
7632,7632
7632,7632
7632,7632
7632,7632
7632,7632
7632,7632
7632,7632
7632,7632
7632,7632
7632,7632
7632,7632
7632,7632
7648,7648
7648,7648
7648,7648
7648,7648
7648,7648
7648,7648
7648,7648
7723,7723
7723,7723
7741,7741
7741,7741
7741,7741
7741,7741
7741,7741
7741,7741
7788,7788
7788,7788
7844,7844
7844,7844
7844,7844
7844,7844
7844,7844
7844,7844
7844,7844
7844,7844
3730,7844
7844,7844
7844,7844
7927,7927
7927,7927
7927,7927
7927,7927
7927,7927
8067,8067
8067,8067
8067,8067
8127,8127
8127,8127
8127,8127
8127,8127
8127,8127
8231,8231
8231,8231
8231,8231
8231,8231
8231,8231
8267,8267
8267,8267
8267,8267
8267,8267
8267,8267
8267,8267
8268,8268
8268,8268
8268,8268
8291,8291
8291,8291
8291,8291
8549,8549
8549,8549
8549,8549
8549,8549
8549,8549
8549,8549
8549,8549
2865,8724
2865,8724
2865,8724
2865,8724
2865,8724
8725,8725
8725,8725
8725,8725
8725,8725
8725,8725
8725,8725
8725,8725
8748,8748
8748,8748
8794,8794
8794,8794
8794,8794
8907,8907
8907,8907
8907,8907
8907,8907
8907,8907
8921,8921
8921,8921
8941,8941
8941,8941
8941,8941
8941,8941
8941,8941
8941,8941
8941,8941
8941,8941
9103,9103
9103,9103
9103,9103
9129,9129
9129,9129
9240,9240
9240,9240
9240,9240
9311,9311
9311,9311
9548,9548
9548,9548
9548,9548
9548,9548
9548,9548
9548,9548
9566,9566
9566,9566
9566,9566
9566,9566
9566,9566
9566,9566
9566,9566
9566,9566
9906,9906
9906,9906
9906,9906
9906,9906
9912,9912
9912,9912
9912,9912
10208,10208
10208,10208
10208,10208
10208,10208
10208,10208
10208,10208
10208,10208
10208,10208
10238,10238
10238,10238
10238,10238
10238,10238
10238,10238
10238,10238
10238,10238
10238,10238
10238,10238
10238,10238
10238,10238
10238,10238
10271,10271
10271,10271
10333,10333
10333,10333
10333,10333
10333,10333
10333,10333
10333,10333
10333,10333
10333,10333
10333,10333
10333,10333
10428,10428
10428,10428
10428,10428
10537,10537
10537,10537
10537,10537
10537,10537
10557,10557
10557,10557
10557,10557
10557,10557
10587,10587
10587,10587
10587,10587
10617,10617
10617,10617
10617,10617
10617,10617
10617,10617
10852,10852
10852,10852
10852,10852
10852,10852
10889,10889
10889,10889
6833,10889
10902,10902
10902,10902
10902,10902
10947,10947
10947,10947
10947,10947
10947,10947
10947,10947
10947,10947
10947,10947
10947,10947
10947,10947
10947,10947
10947,10947
10947,10947
10947,10947
11271,11271
11271,11271
11271,11271
11300,11300
11300,11300
11300,11300
11300,11300
11300,11300
11300,11300
11300,11300
11300,11300
11300,11300
11333,11333
11333,11333
11333,11333
11361,11361
11361,11361
11361,11361
11361,11361
11361,11361
11527,11527
11527,11527
11527,11527
11527,11527
11527,11527
11530,11530
11530,11530
11530,11530
11530,11530
11530,11530
11530,11530
11530,11530
11530,11530
11530,11530
11530,11530
11530,11530
11549,11549
11549,11549
11549,11549
11549,11549
11549,11549
11549,11549
11549,11549
11581,11581
11581,11581
11581,11581
11587,11587
11587,11587
11587,11587
11592,11592
11592,11592
11592,11592
11592,11592
11592,11592
11592,11592
11595,11595
11595,11595
11692,11692
11692,11692
11692,11692
11692,11692
11692,11692
11692,11692
11692,11692
11743,11743
11743,11743
11756,11756
11756,11756
11756,11756
11765,11765
11765,11765
11765,11765
11765,11765
11841,11841
11841,11841
11841,11841
11931,11931
11931,11931
11931,11931
11931,11931
11931,11931
11931,11931
11996,11996
11996,11996
7522,11996
12043,12043
12043,12043
12043,12043
12043,12043
12815,12815
12815,12815
12882,12882
12882,12882
12882,12882
12900,12900
12900,12900
12900,12900
12900,12900
12900,12900
12900,12900
12900,12900
12900,12900
12900,12900
12900,12900
13039,13039
13039,13039
13039,13039
13039,13039
13119,13119
13119,13119
13119,13119
13130,13130
13130,13130
13130,13130
13130,13130
13130,13130
13130,13130
13176,13176
13176,13176
13176,13176
13176,13176
13176,13176
13176,13176
13220,13220
13220,13220
13220,13220
13220,13220
13288,13288
13288,13288
13288,13288
13288,13288
13288,13288
13288,13288
13288,13288
13288,13288
13288,13288
13288,13288
13288,13288
13297,13297
13297,13297
13297,13297
13297,13297
13297,13297
13297,13297
13297,13297
13297,13297
13297,13297
13297,13297
13297,13297
13297,13297
13355,13355
13355,13355
13220,13355
13583,13583
13583,13583
13583,13583
13591,13591
13591,13591
13591,13591
13591,13591
13591,13591
13591,13591
13591,13591
13591,13591
13617,13617
13617,13617
13617,13617
13617,13617
13617,13617
13617,13617
13617,13617
13679,13679
13679,13679
13679,13679
13853,13853
13853,13853
13853,13853
13853,13853
13916,13916
13916,13916
13916,13916
14196,14196
2005,14196
14196,14196
14196,14196
14356,14356
14356,14356
14356,14356
14356,14356
15018,15018
15018,15018
15018,15018
15018,15018
15018,15018
15018,15018
15018,15018
15018,15018
15310,15310
15310,15310
15310,15310
16118,16118
16118,16118
16118,16118
16118,16118
16118,16118
16118,16118
16118,16118
16118,16118
16118,16118
16118,16118
16118,16118
16586,16586
16586,16586
16586,16586
16586,16586
16751,16751
16751,16751
16751,16751
16751,16751
2847,16821
16821,16821
36545,16821
17065,17065
17065,17065
17065,17065
17076,17076
17076,17076
17076,17076
17076,17076
17076,17076
17076,17076
17213,17213
17213,17213
17213,17213
17213,17213
17213,17213
17213,17213
17213,17213
17227,17227
17227,17227
17227,17227
17372,17372
17372,17372
17372,17372
17453,17453
17453,17453
17453,17453
17672,17672
17672,17672
17672,17672
17672,17672
17672,17672
3841,17793
17793,17793
17793,17793
17793,17793
18243,18243
18243,18243
18243,18243
18243,18243
18398,18398
18398,18398
18398,18398
18398,18398
7522,18398
18432,18432
18432,18432
18432,18432
18841,18841
18841,18841
18841,18841
18841,18841
18841,18841
18841,18841
18841,18841
18841,18841
18841,18841
18841,18841
18841,18841
18841,18841
18841,18841
18841,18841
19440,19440
19440,19440
19440,19440
19440,19440
19440,19440
19440,19440
19440,19440
19440,19440
19930,19930
19930,19930
19930,19930
20249,20249
20249,20249
20249,20249
20599,20599
20599,20599
20599,20599
20599,20599
20599,20599
20599,20599
20599,20599
21586,21586
21586,21586
21699,21699
21699,21699
2399,21699
21699,21699
22121,22121
22121,22121
22705,22705
22705,22705
22705,22705
22705,22705
22820,22820
22820,22820
22955,22955
22955,22955
23351,23351
23351,23351
23351,23351
23351,23351
23351,23351
23351,23351
23351,23351
23796,23796
23796,23796
23796,23796
23796,23796
23796,23796
23796,23796
23796,23796
23796,23796
23796,23796
23796,23796
23796,23796
23796,23796
23796,23796
24244,24244
24244,24244
24244,24244
24244,24244
24707,24707
24707,24707
24707,24707
24707,24707
24707,24707
26004,26004
26004,26004
26004,26004
26004,26004
26004,26004
26066,26066
26066,26066
26066,26066
26208,26208
26208,26208
26208,26208
26208,26208
26295,26295
26295,26295
26295,26295
26408,26408
26408,26408
26408,26408
26408,26408
26755,26755
26755,26755
26755,26755
26755,26755
26755,26755
26998,26998
26998,26998
26998,26998
2152,27250
27250,27250
13220,27250
27534,27534
27534,27534
27534,27534
27534,27534
27534,27534
27534,27534
27534,27534
27534,27534
29561,29561
29561,29561
29561,29561
29598,29598
29598,29598
29673,29673
29673,29673
29854,29854
29854,29854
29854,29854
29854,29854
30186,30186
30186,30186
30186,30186
30623,30623
30623,30623
30623,30623
31068,31068
31068,31068
31068,31068
31068,31068
31068,31068
31068,31068
32046,32046
32046,32046
32046,32046
32046,32046
32046,32046
32046,32046
33575,33575
33575,33575
33575,33575
33732,33732
33732,33732
33732,33732
33732,33732
33732,33732
34007,34007
34007,34007
34007,34007
27250,34478
34478,34478
34478,34478
35566,35566
35566,35566
35566,35566
35566,35566
35566,35566
35566,35566
35566,35566
35566,35566
35566,35566
35566,35566
35752,35752
35752,35752
35752,35752
35752,35752
35752,35752
35752,35752
35752,35752
16821,36545
2152,36545
34478,36545
2152,36545
2189,36555
36555,36555
36555,36555
36555,36555
36660,36660
36660,36660
36697,36697
36697,36697
36697,36697
36697,36697
36697,36697
36697,36697
36697,36697
37293,37293
37293,37293
7557,37293
38768,38768
38768,38768
38768,38768
38768,38768
38768,38768
38768,38768
41378,41378
41378,41378
41378,41378
42319,42319
42319,42319
42319,42319
42319,42319
42599,42599
42599,42599
42599,42599
45216,45216
45216,45216
45216,45216
45216,45216
45216,45216
45216,45216
47920,47920
47920,47920
47920,47920
49030,49030
49030,49030
49030,49030
49030,49030
6906,49030
49030,49030
51783,51783
51783,51783
51783,51783
54164,54164
54164,54164
54164,54164
